{
    "prepare_queue": {
        "installed": [],
        "uninstalled": []
    },
    "config_munge": {
        "files": {
            "config.xml": {
                "parents": {
                    "/*": [
                        {
                            "xml": "<feature name=\"File\"><param name=\"ios-package\" value=\"CDVFile\" /><param name=\"onload\" value=\"true\" /></feature>",
                            "count": 1
                        },
                        {
                            "xml": "<feature name=\"FileTransfer\"><param name=\"ios-package\" value=\"CDVFileTransfer\" /></feature>",
                            "count": 1
                        },
                        {
                            "xml": "<feature name=\"SQLitePlugin\"><param name=\"ios-package\" value=\"SQLitePlugin\" /></feature>",
                            "count": 1
                        },
                        {
                            "xml": "<feature name=\"Device\"><param name=\"ios-package\" value=\"CDVDevice\" /></feature>",
                            "count": 1
                        },
                        {
                            "xml": "<feature name=\"Notification\"><param name=\"ios-package\" value=\"CDVNotification\" /></feature>",
                            "count": 1
                        },
                        {
                            "xml": "<feature name=\"InAppBrowser\"><param name=\"ios-package\" value=\"CDVInAppBrowser\" /></feature>",
                            "count": 1
                        },
                        {
                            "xml": "<feature name=\"Console\"><param name=\"ios-package\" value=\"CDVLogger\" /></feature>",
                            "count": 1
                        }
                    ]
                }
            }
        }
    },
    "installed_plugins": {
        "org.apache.cordova.file": {
            "PACKAGE_NAME": "io.cordova.hellocordova"
        },
        "org.apache.cordova.file-transfer": {
            "PACKAGE_NAME": "io.cordova.hellocordova"
        },
        "io.litehelpers.cordova.sqlite": {
            "PACKAGE_NAME": "io.cordova.hellocordova"
        },
        "org.apache.cordova.device": {
            "PACKAGE_NAME": "io.cordova.hellocordova"
        },
        "org.apache.cordova.dialogs": {
            "PACKAGE_NAME": "io.cordova.hellocordova"
        },
        "org.apache.cordova.inappbrowser": {
            "PACKAGE_NAME": "io.cordova.hellocordova"
        },
        "org.apache.cordova.console": {
            "PACKAGE_NAME": "io.cordova.hellocordova"
        }
    },
    "dependent_plugins": {},
    "modules": [
        {
            "file": "plugins/org.apache.cordova.file/www/DirectoryEntry.js",
            "id": "org.apache.cordova.file.DirectoryEntry",
            "pluginId": "org.apache.cordova.file",
            "clobbers": [
                "window.DirectoryEntry"
            ]
        },
        {
            "file": "plugins/org.apache.cordova.file/www/DirectoryReader.js",
            "id": "org.apache.cordova.file.DirectoryReader",
            "pluginId": "org.apache.cordova.file",
            "clobbers": [
                "window.DirectoryReader"
            ]
        },
        {
            "file": "plugins/org.apache.cordova.file/www/Entry.js",
            "id": "org.apache.cordova.file.Entry",
            "pluginId": "org.apache.cordova.file",
            "clobbers": [
                "window.Entry"
            ]
        },
        {
            "file": "plugins/org.apache.cordova.file/www/File.js",
            "id": "org.apache.cordova.file.File",
            "pluginId": "org.apache.cordova.file",
            "clobbers": [
                "window.File"
            ]
        },
        {
            "file": "plugins/org.apache.cordova.file/www/FileEntry.js",
            "id": "org.apache.cordova.file.FileEntry",
            "pluginId": "org.apache.cordova.file",
            "clobbers": [
                "window.FileEntry"
            ]
        },
        {
            "file": "plugins/org.apache.cordova.file/www/FileError.js",
            "id": "org.apache.cordova.file.FileError",
            "pluginId": "org.apache.cordova.file",
            "clobbers": [
                "window.FileError"
            ]
        },
        {
            "file": "plugins/org.apache.cordova.file/www/FileReader.js",
            "id": "org.apache.cordova.file.FileReader",
            "pluginId": "org.apache.cordova.file",
            "clobbers": [
                "window.FileReader"
            ]
        },
        {
            "file": "plugins/org.apache.cordova.file/www/FileSystem.js",
            "id": "org.apache.cordova.file.FileSystem",
            "pluginId": "org.apache.cordova.file",
            "clobbers": [
                "window.FileSystem"
            ]
        },
        {
            "file": "plugins/org.apache.cordova.file/www/FileUploadOptions.js",
            "id": "org.apache.cordova.file.FileUploadOptions",
            "pluginId": "org.apache.cordova.file",
            "clobbers": [
                "window.FileUploadOptions"
            ]
        },
        {
            "file": "plugins/org.apache.cordova.file/www/FileUploadResult.js",
            "id": "org.apache.cordova.file.FileUploadResult",
            "pluginId": "org.apache.cordova.file",
            "clobbers": [
                "window.FileUploadResult"
            ]
        },
        {
            "file": "plugins/org.apache.cordova.file/www/FileWriter.js",
            "id": "org.apache.cordova.file.FileWriter",
            "pluginId": "org.apache.cordova.file",
            "clobbers": [
                "window.FileWriter"
            ]
        },
        {
            "file": "plugins/org.apache.cordova.file/www/Flags.js",
            "id": "org.apache.cordova.file.Flags",
            "pluginId": "org.apache.cordova.file",
            "clobbers": [
                "window.Flags"
            ]
        },
        {
            "file": "plugins/org.apache.cordova.file/www/LocalFileSystem.js",
            "id": "org.apache.cordova.file.LocalFileSystem",
            "pluginId": "org.apache.cordova.file",
            "clobbers": [
                "window.LocalFileSystem"
            ],
            "merges": [
                "window"
            ]
        },
        {
            "file": "plugins/org.apache.cordova.file/www/Metadata.js",
            "id": "org.apache.cordova.file.Metadata",
            "pluginId": "org.apache.cordova.file",
            "clobbers": [
                "window.Metadata"
            ]
        },
        {
            "file": "plugins/org.apache.cordova.file/www/ProgressEvent.js",
            "id": "org.apache.cordova.file.ProgressEvent",
            "pluginId": "org.apache.cordova.file",
            "clobbers": [
                "window.ProgressEvent"
            ]
        },
        {
            "file": "plugins/org.apache.cordova.file/www/fileSystems.js",
            "id": "org.apache.cordova.file.fileSystems",
            "pluginId": "org.apache.cordova.file"
        },
        {
            "file": "plugins/org.apache.cordova.file/www/requestFileSystem.js",
            "id": "org.apache.cordova.file.requestFileSystem",
            "pluginId": "org.apache.cordova.file",
            "clobbers": [
                "window.requestFileSystem"
            ]
        },
        {
            "file": "plugins/org.apache.cordova.file/www/resolveLocalFileSystemURI.js",
            "id": "org.apache.cordova.file.resolveLocalFileSystemURI",
            "pluginId": "org.apache.cordova.file",
            "merges": [
                "window"
            ]
        },
        {
            "file": "plugins/org.apache.cordova.file/www/ios/FileSystem.js",
            "id": "org.apache.cordova.file.iosFileSystem",
            "pluginId": "org.apache.cordova.file",
            "merges": [
                "FileSystem"
            ]
        },
        {
            "file": "plugins/org.apache.cordova.file/www/fileSystems-roots.js",
            "id": "org.apache.cordova.file.fileSystems-roots",
            "pluginId": "org.apache.cordova.file",
            "runs": true
        },
        {
            "file": "plugins/org.apache.cordova.file/www/fileSystemPaths.js",
            "id": "org.apache.cordova.file.fileSystemPaths",
            "pluginId": "org.apache.cordova.file",
            "merges": [
                "cordova"
            ],
            "runs": true
        },
        {
            "file": "plugins/org.apache.cordova.file-transfer/www/FileTransferError.js",
            "id": "org.apache.cordova.file-transfer.FileTransferError",
            "pluginId": "org.apache.cordova.file-transfer",
            "clobbers": [
                "window.FileTransferError"
            ]
        },
        {
            "file": "plugins/org.apache.cordova.file-transfer/www/FileTransfer.js",
            "id": "org.apache.cordova.file-transfer.FileTransfer",
            "pluginId": "org.apache.cordova.file-transfer",
            "clobbers": [
                "window.FileTransfer"
            ]
        },
        {
            "file": "plugins/io.litehelpers.cordova.sqlite/www/SQLitePlugin.js",
            "id": "io.litehelpers.cordova.sqlite.SQLitePlugin",
            "pluginId": "io.litehelpers.cordova.sqlite",
            "clobbers": [
                "SQLitePlugin"
            ]
        },
        {
            "file": "plugins/org.apache.cordova.device/www/device.js",
            "id": "org.apache.cordova.device.device",
            "pluginId": "org.apache.cordova.device",
            "clobbers": [
                "device"
            ]
        },
        {
            "file": "plugins/org.apache.cordova.dialogs/www/notification.js",
            "id": "org.apache.cordova.dialogs.notification",
            "pluginId": "org.apache.cordova.dialogs",
            "merges": [
                "navigator.notification"
            ]
        },
        {
            "file": "plugins/org.apache.cordova.inappbrowser/www/inappbrowser.js",
            "id": "org.apache.cordova.inappbrowser.inappbrowser",
            "pluginId": "org.apache.cordova.inappbrowser",
            "clobbers": [
                "window.open"
            ]
        },
        {
            "file": "plugins/org.apache.cordova.console/www/console-via-logger.js",
            "id": "org.apache.cordova.console.console",
            "pluginId": "org.apache.cordova.console",
            "clobbers": [
                "console"
            ]
        },
        {
            "file": "plugins/org.apache.cordova.console/www/logger.js",
            "id": "org.apache.cordova.console.logger",
            "pluginId": "org.apache.cordova.console",
            "clobbers": [
                "cordova.logger"
            ]
        }
    ],
    "plugin_metadata": {
        "org.apache.cordova.file": "1.3.3",
        "org.apache.cordova.file-transfer": "0.5.0",
        "io.litehelpers.cordova.sqlite": "0.7.10-dev",
        "org.apache.cordova.device": "0.3.0",
        "org.apache.cordova.dialogs": "0.3.0",
        "org.apache.cordova.inappbrowser": "0.6.0",
        "org.apache.cordova.console": "0.2.13"
    }
}